--
-- Script was generated by Devart dbForge Studio for MySQL, Version 8.0.40.0
-- Product home page: http://www.devart.com/dbforge/mysql/studio
-- Script date 13/9/2018 18:37:11
-- Server version: 5.5.5-10.1.34-MariaDB
-- Client version: 4.1
--

-- 
-- Disable foreign keys
-- 
/*!40014 SET @OLD_FOREIGN_KEY_CHECKS=@@FOREIGN_KEY_CHECKS, FOREIGN_KEY_CHECKS=0 */;

-- 
-- Set SQL mode
-- 
/*!40101 SET @OLD_SQL_MODE=@@SQL_MODE, SQL_MODE='NO_AUTO_VALUE_ON_ZERO' */;

-- 
-- Set character set the client will use to send SQL statements to the server
--
SET NAMES 'utf8';

--
-- Set default database
--
USE tiendacomics;

--
-- Drop table `comicespecial`
--
DROP TABLE IF EXISTS comicespecial;

--
-- Drop table `comicpersonajes`
--
DROP TABLE IF EXISTS comicpersonajes;

--
-- Drop table `detallecompra`
--
DROP TABLE IF EXISTS detallecompra;

--
-- Drop table `detalleventa`
--
DROP TABLE IF EXISTS detalleventa;

--
-- Drop table `dibujantecomic`
--
DROP TABLE IF EXISTS dibujantecomic;

--
-- Drop table `guionistacomic`
--
DROP TABLE IF EXISTS guionistacomic;

--
-- Drop table `comic`
--
DROP TABLE IF EXISTS comic;

--
-- Drop table `tipoespecial`
--
DROP TABLE IF EXISTS tipoespecial;

--
-- Drop table `personajes`
--
DROP TABLE IF EXISTS personajes;

--
-- Drop table `factura`
--
DROP TABLE IF EXISTS factura;

--
-- Drop table `venta`
--
DROP TABLE IF EXISTS venta;

--
-- Drop table `dibujante`
--
DROP TABLE IF EXISTS dibujante;

--
-- Drop table `guionista`
--
DROP TABLE IF EXISTS guionista;

--
-- Drop table `facturac`
--
DROP TABLE IF EXISTS facturac;

--
-- Drop table `compra`
--
DROP TABLE IF EXISTS compra;

--
-- Drop table `distribuidora`
--
DROP TABLE IF EXISTS distribuidora;

--
-- Set default database
--
USE tiendacomics;

--
-- Create table `distribuidora`
--
CREATE TABLE distribuidora (
  codigodistribuidora int(11) NOT NULL AUTO_INCREMENT,
  nombredistribuidora varchar(55) DEFAULT NULL,
  telefono int(11) DEFAULT NULL,
  pais varchar(55) DEFAULT NULL,
  PRIMARY KEY (codigodistribuidora)
)
ENGINE = INNODB,
AUTO_INCREMENT = 6,
AVG_ROW_LENGTH = 8192,
CHARACTER SET latin1,
COLLATE latin1_swedish_ci;

--
-- Create table `compra`
--
CREATE TABLE compra (
  numerocompra int(11) NOT NULL,
  fecha date DEFAULT NULL,
  codigodistribuidor int(11) DEFAULT NULL,
  PRIMARY KEY (numerocompra)
)
ENGINE = INNODB,
AVG_ROW_LENGTH = 16384,
CHARACTER SET latin1,
COLLATE latin1_swedish_ci;

--
-- Create foreign key
--
ALTER TABLE compra
ADD CONSTRAINT FK_compra_distribuidora_codigodistribuidora FOREIGN KEY (codigodistribuidor)
REFERENCES distribuidora (codigodistribuidora) ON DELETE NO ACTION ON UPDATE NO ACTION;

--
-- Create table `facturac`
--
CREATE TABLE facturac (
  numerocompra int(11) NOT NULL,
  nit int(11) DEFAULT NULL,
  nombre varchar(55) DEFAULT NULL,
  estadoValido varchar(15) DEFAULT 'Habilitado',
  PRIMARY KEY (numerocompra)
)
ENGINE = INNODB,
AVG_ROW_LENGTH = 16384,
CHARACTER SET latin1,
COLLATE latin1_swedish_ci;

--
-- Create foreign key
--
ALTER TABLE facturac
ADD CONSTRAINT FK_facturac_compra_numerocompra FOREIGN KEY (numerocompra)
REFERENCES compra (numerocompra) ON DELETE CASCADE ON UPDATE CASCADE;

--
-- Create table `guionista`
--
CREATE TABLE guionista (
  codigoGuionista int(11) NOT NULL AUTO_INCREMENT,
  nombreGuionista varchar(255) DEFAULT NULL,
  PRIMARY KEY (codigoGuionista)
)
ENGINE = INNODB,
AUTO_INCREMENT = 11,
AVG_ROW_LENGTH = 4096,
CHARACTER SET latin1,
COLLATE latin1_swedish_ci;

--
-- Create table `dibujante`
--
CREATE TABLE dibujante (
  codigodibujante int(11) NOT NULL AUTO_INCREMENT,
  nombredibujante varchar(255) DEFAULT NULL,
  PRIMARY KEY (codigodibujante)
)
ENGINE = INNODB,
AUTO_INCREMENT = 23,
AVG_ROW_LENGTH = 2730,
CHARACTER SET latin1,
COLLATE latin1_swedish_ci;

--
-- Create table `venta`
--
CREATE TABLE venta (
  numeroVenta int(11) NOT NULL,
  fecha date DEFAULT NULL,
  PRIMARY KEY (numeroVenta)
)
ENGINE = INNODB,
AVG_ROW_LENGTH = 3276,
CHARACTER SET latin1,
COLLATE latin1_swedish_ci;

--
-- Create table `factura`
--
CREATE TABLE factura (
  numeroVenta int(11) NOT NULL,
  ID int(11) DEFAULT NULL,
  nombre varchar(55) DEFAULT NULL,
  estadoValido varchar(15) DEFAULT 'Habilitado',
  PRIMARY KEY (numeroVenta)
)
ENGINE = INNODB,
AVG_ROW_LENGTH = 5461,
CHARACTER SET latin1,
COLLATE latin1_swedish_ci;

--
-- Create foreign key
--
ALTER TABLE factura
ADD CONSTRAINT FK_factura_venta_numeroVenta FOREIGN KEY (numeroVenta)
REFERENCES venta (numeroVenta) ON DELETE CASCADE ON UPDATE CASCADE;

--
-- Create table `personajes`
--
CREATE TABLE personajes (
  codigoPersonaje int(11) NOT NULL AUTO_INCREMENT,
  nombrePersonaje varchar(255) DEFAULT NULL,
  PRIMARY KEY (codigoPersonaje)
)
ENGINE = INNODB,
AUTO_INCREMENT = 44,
AVG_ROW_LENGTH = 8192,
CHARACTER SET latin1,
COLLATE latin1_swedish_ci;

--
-- Create table `tipoespecial`
--
CREATE TABLE tipoespecial (
  codigoEspecial int(11) NOT NULL AUTO_INCREMENT,
  Descripcion varchar(255) DEFAULT NULL,
  PRIMARY KEY (codigoEspecial)
)
ENGINE = INNODB,
AUTO_INCREMENT = 9,
AVG_ROW_LENGTH = 2730,
CHARACTER SET latin1,
COLLATE latin1_swedish_ci;

--
-- Create table `comic`
--
CREATE TABLE comic (
  codigoComic bigint(20) NOT NULL,
  Titulo varchar(100) DEFAULT NULL,
  numeroComic int(11) DEFAULT NULL,
  añoPublicacion year(4) DEFAULT NULL,
  editorial varchar(255) DEFAULT NULL,
  descripcion varchar(1500) DEFAULT NULL,
  precio double DEFAULT NULL,
  PRIMARY KEY (codigoComic)
)
ENGINE = INNODB,
AVG_ROW_LENGTH = 8192,
CHARACTER SET latin1,
COLLATE latin1_swedish_ci;

--
-- Create table `guionistacomic`
--
CREATE TABLE guionistacomic (
  codigoGuionista int(11) NOT NULL,
  codigoComic bigint(20) NOT NULL,
  PRIMARY KEY (codigoGuionista, codigoComic)
)
ENGINE = INNODB,
AVG_ROW_LENGTH = 4096,
CHARACTER SET latin1,
COLLATE latin1_swedish_ci;

--
-- Create foreign key
--
ALTER TABLE guionistacomic
ADD CONSTRAINT FK_guionistacomic_comic_codigoComic FOREIGN KEY (codigoComic)
REFERENCES comic (codigoComic) ON DELETE CASCADE ON UPDATE CASCADE;

--
-- Create foreign key
--
ALTER TABLE guionistacomic
ADD CONSTRAINT FK_guionistacomic_guionista_codigoGuionista FOREIGN KEY (codigoGuionista)
REFERENCES guionista (codigoGuionista) ON DELETE NO ACTION ON UPDATE NO ACTION;

--
-- Create table `dibujantecomic`
--
CREATE TABLE dibujantecomic (
  codigoComic bigint(20) NOT NULL,
  codigoDibujante int(11) NOT NULL,
  PRIMARY KEY (codigoComic, codigoDibujante)
)
ENGINE = INNODB,
AVG_ROW_LENGTH = 2048,
CHARACTER SET latin1,
COLLATE latin1_swedish_ci;

--
-- Create foreign key
--
ALTER TABLE dibujantecomic
ADD CONSTRAINT FK_digujantecomic_comic_codigoComic FOREIGN KEY (codigoComic)
REFERENCES comic (codigoComic) ON DELETE CASCADE ON UPDATE CASCADE;

--
-- Create foreign key
--
ALTER TABLE dibujantecomic
ADD CONSTRAINT FK_digujantecomic_dibujante_codigodibujante FOREIGN KEY (codigoDibujante)
REFERENCES dibujante (codigodibujante) ON DELETE CASCADE ON UPDATE CASCADE;

--
-- Create table `detalleventa`
--
CREATE TABLE detalleventa (
  codigodetalleventa int(11) NOT NULL,
  codigoComic bigint(20) DEFAULT NULL,
  numeroVenta int(11) DEFAULT NULL,
  cantidad int(11) DEFAULT NULL,
  PRIMARY KEY (codigodetalleventa)
)
ENGINE = INNODB,
AVG_ROW_LENGTH = 8192,
CHARACTER SET latin1,
COLLATE latin1_swedish_ci;

--
-- Create foreign key
--
ALTER TABLE detalleventa
ADD CONSTRAINT FK_detalleventa_comic_codigoComic FOREIGN KEY (codigoComic)
REFERENCES comic (codigoComic) ON DELETE NO ACTION ON UPDATE NO ACTION;

--
-- Create foreign key
--
ALTER TABLE detalleventa
ADD CONSTRAINT FK_detalleventa_venta_numeroVenta FOREIGN KEY (numeroVenta)
REFERENCES venta (numeroVenta) ON DELETE CASCADE ON UPDATE CASCADE;

--
-- Create table `detallecompra`
--
CREATE TABLE detallecompra (
  codigodetallecompra int(11) NOT NULL,
  codigocomic bigint(20) DEFAULT NULL,
  numerocompra int(11) DEFAULT NULL,
  cantidad int(11) DEFAULT NULL,
  precioCompraUnidad int(11) DEFAULT NULL,
  PRIMARY KEY (codigodetallecompra)
)
ENGINE = INNODB,
AVG_ROW_LENGTH = 16384,
CHARACTER SET latin1,
COLLATE latin1_swedish_ci;

--
-- Create foreign key
--
ALTER TABLE detallecompra
ADD CONSTRAINT FK_detallecompra_comic_codigoComic FOREIGN KEY (codigocomic)
REFERENCES comic (codigoComic) ON DELETE NO ACTION ON UPDATE NO ACTION;

--
-- Create foreign key
--
ALTER TABLE detallecompra
ADD CONSTRAINT FK_detallecompra_compra_numerocompra FOREIGN KEY (numerocompra)
REFERENCES compra (numerocompra) ON DELETE CASCADE ON UPDATE CASCADE;

--
-- Create table `comicpersonajes`
--
CREATE TABLE comicpersonajes (
  códigoComic bigint(20) NOT NULL,
  códigoPersonaje int(11) NOT NULL,
  PRIMARY KEY (códigoComic, códigoPersonaje)
)
ENGINE = INNODB,
AVG_ROW_LENGTH = 4096,
CHARACTER SET latin1,
COLLATE latin1_swedish_ci;

--
-- Create foreign key
--
ALTER TABLE comicpersonajes
ADD CONSTRAINT FK_comicpersonajes_comic_codigoComic FOREIGN KEY (códigoComic)
REFERENCES comic (codigoComic) ON DELETE CASCADE ON UPDATE CASCADE;

--
-- Create foreign key
--
ALTER TABLE comicpersonajes
ADD CONSTRAINT FK_comicpersonajes_personajes_codigoPersonaje FOREIGN KEY (códigoPersonaje)
REFERENCES personajes (codigoPersonaje) ON DELETE CASCADE ON UPDATE CASCADE;

--
-- Create table `comicespecial`
--
CREATE TABLE comicespecial (
  codigocomic bigint(20) NOT NULL,
  codigoEspecial int(11) NOT NULL,
  PRIMARY KEY (codigocomic, codigoEspecial)
)
ENGINE = INNODB,
AVG_ROW_LENGTH = 1170,
CHARACTER SET latin1,
COLLATE latin1_swedish_ci;

--
-- Create foreign key
--
ALTER TABLE comicespecial
ADD CONSTRAINT FK_comicespecial_comic_codigoComic FOREIGN KEY (codigocomic)
REFERENCES comic (codigoComic) ON DELETE CASCADE ON UPDATE CASCADE;

--
-- Create foreign key
--
ALTER TABLE comicespecial
ADD CONSTRAINT FK_comicespecial_tipoespecial_codigoEspecial FOREIGN KEY (codigoEspecial)
REFERENCES tipoespecial (codigoEspecial) ON DELETE CASCADE ON UPDATE CASCADE;

-- 
-- Dumping data for table distribuidora
--
INSERT INTO distribuidora VALUES
(1, 'Distribuidora Rubbo', 43036283, 'Argentina'),
(2, 'Distribuidora Intermex S.A. de C.V.', 52309500, 'Mexico'),
(3, 'Distribuidora Bolivariana S.A.', 4412948, 'Peru'),
(4, 'TuKiosko Editorial', 999999999, 'Bolivia'),
(5, 'Ovni Press', 43425444, 'Argentina');

-- 
-- Dumping data for table guionista
--
INSERT INTO guionista VALUES
(1, 'Alan Moore'),
(2, 'Brian Azarello'),
(3, 'Mark Millar'),
(4, 'Matt Wagner'),
(5, 'Frank Miller'),
(6, 'Ed Brubaker'),
(7, 'Jeph Loeb'),
(8, 'Jim Starlin'),
(9, 'Ron Lim'),
(10, 'Brian Michael Bendis');

-- 
-- Dumping data for table dibujante
--
INSERT INTO dibujante VALUES
(8, 'Brian Bolland'),
(9, 'Lee Bermejo'),
(10, 'Steve McNiven'),
(11, 'Matt Wagner'),
(12, 'Jim Lee'),
(13, 'Steve Epting'),
(14, 'Leinil Yu'),
(15, 'Ed McGuinness'),
(16, 'John Romita Jr.'),
(17, 'David Finch'),
(18, 'John Cassaday'),
(19, 'George Perez'),
(20, 'Ron Lim'),
(21, 'Mark Bagley'),
(22, 'David LaFuente');

-- 
-- Dumping data for table venta
--
INSERT INTO venta VALUES
(1, '2018-09-06'),
(2, '2018-10-01');

-- 
-- Dumping data for table compra
--
INSERT INTO compra VALUES
(1, '2018-09-14', 4);

-- 
-- Dumping data for table personajes
--
INSERT INTO personajes VALUES
(4, 'Joker'),
(5, 'Batman'),
(6, 'Iron Man'),
(7, 'Capitan America'),
(8, 'Nuevos Vengadores'),
(9, 'Nuevos Guerreros'),
(10, 'Spider-Man'),
(11, '4 Fantasticos'),
(12, 'Ant-Man'),
(13, 'Hercules'),
(14, 'Goliat'),
(15, 'Daredevil'),
(16, 'Namor'),
(17, 'Punisher'),
(18, 'Dos Caras'),
(19, 'Dick Grayson'),
(20, 'Sharon Carter'),
(21, 'Falcon'),
(22, 'Winter Soldier'),
(23, 'Crossbones'),
(24, 'Wolverine'),
(25, 'Capitana Marvel'),
(26, 'Hawkeye'),
(27, 'Rhino'),
(28, 'Thanos'),
(29, 'Mefisto'),
(30, 'Doctor Strange'),
(31, 'Silver Surfer'),
(32, 'Thor'),
(33, 'Adam Warlock'),
(34, 'Hulk'),
(35, 'Nebula'),
(36, 'Mysterio'),
(37, 'Duende Verde'),
(38, 'Dr. Octopus'),
(39, 'Shocker'),
(40, 'Electro'),
(41, 'Scorpion'),
(42, 'Kraven El Cazador'),
(43, 'Sandman');

-- 
-- Dumping data for table tipoespecial
--
INSERT INTO tipoespecial VALUES
(1, 'Regular'),
(2, 'Edicion Especial'),
(3, 'Tapa Blanda'),
(4, 'Tapa Dura'),
(6, 'Coleccion Batman y Superman (Tapa Dura)'),
(7, 'Coleccion Imprescindibles'),
(8, 'Coleccion Definitiva de Novelas Graficas Marvel');

-- 
-- Dumping data for table comic
--
INSERT INTO comic VALUES
(9788415990338, 'La Broma Asesina', 1, 2008, 'DC Comics', 'Batman: La broma aseisna es una historia centrada en el Joker, la antítesis de Batman por definición, y en la relación que éste y Batman han llegado a desarrollar a lo largo de los años. El relato comienza cuando se fuga por enésima vez del manicomio de Arkham. A partir de ahí, asistiremos a dos historia paralelas. Por un lado, a modo de flashbacks, se nos muestra el "origen" del Joker, la historia de cómic llegó a convertirse en el asesino desquiciado que es actualmente. Por otra parte, seguiremos el plan del Joker para secuestrar al comisario Gordon e intenta volverlo loco, atacando en el proceso y dejando inválida de por vida a su sobrina Barbara Gordon (antigua Batgirl), un hecho que acabará desencadenando en un inevitable encuentro con Batman.', 90),
(9788416303311, 'Joker', 1, 2008, 'DC Comics', 'Joker busca recuperar su posición como líder criminal en la ciudad, por lo que irá visitando a quienes han tomado el relevo mientras él se encontraba en el manicomio.', 150),
(9788447129713, 'La Broma Asesina Y Rostros', 4, 2017, 'DC Comics', 'Recopilacion por la editorial Salvat, La Broma Asesina de Alan Moore y Rostros por Matt Wagner', 180),
(9788447129720, 'All Star Batman Y Robin Parte 1', 1, 2017, 'DC Comics', 'All Star Batman & Robin, es una historia que cuenta el origen del primer Robin, Dick Grayson. Pero la historia se plasma desde el punto de vista de un Frank Miller, dándole una personalidad a Batman, raras veces vista. Es un Batman alocado, violento, agresivo y despreocupado. Tanto que en el cómic varios héroes se ven en la obligación de tomar medidas para intentar controlar a este genio encapuchado.', 180),
(75960605921800121, 'Civil War', 1, 2006, 'Marvel Comics', 'Después de que una horrible tragedia genera preguntas sobre si los súper héroes deben registrarse ante el gobierno, los compañeros de equipo de los Avengers, el Capitán América y Iron Man terminan en lados opuestos de un conflicto que dividirá al Universo Marvel. ', 120),
(75960606198300111, 'Capitan America: Hijo Caido', 1, 2007, 'Marvel Comics', 'La muerte del Capitán ha golpeado a todo el Universo Marvel. Un relato que navega por las turbulentas aguas dejadas por el final de Civil War. Aceptará el mundo la muerte de un verdadero héroe?', 15),
(75960606198300211, 'Capitan America: Hijo Caido', 2, 2007, 'Marvel Comics', 'La muerte del Capitán ha golpeado a todo el Universo Marvel. Un relato que navega por las turbulentas aguas dejadas por el final de Civil War. Aceptará el mundo la muerte de un verdadero héroe?', 15),
(75960606198300311, 'Capitan America: Hijo Caido', 3, 2007, 'Marvel Comics', 'La muerte del Capitán ha golpeado a todo el Universo Marvel. Un relato que navega por las turbulentas aguas dejadas por el final de Civil War. Aceptará el mundo la muerte de un verdadero héroe?', 15),
(75960606198300411, 'Capitan America: Hijo Caido', 4, 2007, 'Marvel Comics', 'La muerte del Capitán ha golpeado a todo el Universo Marvel. Un relato que navega por las turbulentas aguas dejadas por el final de Civil War. Aceptará el mundo la muerte de un verdadero héroe?', 15),
(75960606198300511, 'Capitan America: Hijo Caido', 5, 2007, 'Marvel Comics', 'La muerte del Capitán ha golpeado a todo el Universo Marvel. Un relato que navega por las turbulentas aguas dejadas por el final de Civil War. Aceptará el mundo la muerte de un verdadero héroe?', 15),
(977000532400500026, 'Capitan America: Civil War - Epilogo', 1, 2007, 'Marvel Comics', 'El Epílogo de Civil War! Desde las páginas finales del último número de Civil War, Ed Brubaker y Steve Epting lanzan una mirada hacia la historia del Centinela de la Libertad y muestran el futuro que le espera. Un número especial que cierra la Guerra Civil a sangre y fuego.', 20),
(978844712512811085, 'Ultimate Spider-Man: La Muerte de Spider-Man', 85, 2017, 'Marvel Comics', 'El adolescente Peter Parker juró utilizar sus poderes con responsabilidad. Pero no ha podido evitar que sus más grandes enemigos descubran su identidad secreta. Ahora ellos están dispuestos a usar esa información para destruirlo de una vez por todas...', 170),
(978987724230000007, 'El Guantelete del Infinito', 1, 1993, 'Marvel Comics', 'Para Thanos, el Guantelete del Infinito es el Santo Grial, el premio definitivo por su adoración hacia la muerte. Con él, lo controla todo. Liderados por Adam Warlock, los superhéroes de la Tierra representan la última esperanza del Universo.', 170);

-- 
-- Dumping data for table guionistacomic
--
INSERT INTO guionistacomic VALUES
(1, 9788415990338),
(2, 9788416303311),
(3, 75960605921800121),
(4, 9788447129713),
(5, 9788447129720),
(6, 977000532400500026),
(7, 75960606198300111),
(7, 75960606198300211),
(7, 75960606198300311),
(7, 75960606198300411),
(7, 75960606198300511),
(8, 978987724230000007),
(10, 978844712512811085);

-- 
-- Dumping data for table facturac
--
INSERT INTO facturac VALUES
(1, 655033189, 'Garcia', 'Habilitado');

-- 
-- Dumping data for table factura
--
INSERT INTO factura VALUES
(1, 150689, 'Lopez', 'Habilitado'),
(2, 123456, 'Rosazza', 'Habilitado');

-- 
-- Dumping data for table dibujantecomic
--
INSERT INTO dibujantecomic VALUES
(9788415990338, 8),
(9788416303311, 9),
(9788447129713, 11),
(9788447129720, 12),
(75960605921800121, 10),
(75960606198300111, 14),
(75960606198300211, 15),
(75960606198300311, 16),
(75960606198300411, 17),
(75960606198300511, 18),
(977000532400500026, 13),
(978844712512811085, 21),
(978844712512811085, 22),
(978987724230000007, 19),
(978987724230000007, 20);

-- 
-- Dumping data for table detalleventa
--
INSERT INTO detalleventa VALUES
(1, 75960605921800121, 1, 2),
(2, 75960605921800121, 2, 2);

-- 
-- Dumping data for table detallecompra
--
INSERT INTO detallecompra VALUES
(1, 75960605921800121, 1, 12, 80),
(2, 75960606198300111, 1, 17, 8);

-- 
-- Dumping data for table comicpersonajes
--
INSERT INTO comicpersonajes VALUES
(9788415990338, 4),
(9788415990338, 5),
(9788416303311, 4),
(9788447129713, 4),
(9788447129713, 5),
(9788447129713, 18),
(9788447129720, 5),
(9788447129720, 19),
(75960605921800121, 6),
(75960605921800121, 7),
(75960605921800121, 8),
(75960605921800121, 9),
(75960605921800121, 10),
(75960605921800121, 11),
(75960605921800121, 12),
(75960605921800121, 13),
(75960605921800121, 14),
(75960605921800121, 15),
(75960605921800121, 16),
(75960605921800121, 17),
(75960606198300111, 7),
(75960606198300111, 22),
(75960606198300111, 23),
(75960606198300111, 24),
(75960606198300211, 10),
(75960606198300211, 16),
(75960606198300211, 25),
(75960606198300311, 6),
(75960606198300311, 26),
(75960606198300411, 10),
(75960606198300411, 24),
(75960606198300411, 27),
(75960606198300511, 6),
(75960606198300511, 7),
(75960606198300511, 16),
(75960606198300511, 21),
(977000532400500026, 7),
(977000532400500026, 20),
(977000532400500026, 21),
(977000532400500026, 22),
(977000532400500026, 23),
(978844712512811085, 6),
(978844712512811085, 10),
(978844712512811085, 37),
(978844712512811085, 38),
(978844712512811085, 40),
(978844712512811085, 41),
(978844712512811085, 42),
(978844712512811085, 43),
(978987724230000007, 6),
(978987724230000007, 7),
(978987724230000007, 10),
(978987724230000007, 11),
(978987724230000007, 12),
(978987724230000007, 15),
(978987724230000007, 16),
(978987724230000007, 21),
(978987724230000007, 24),
(978987724230000007, 26),
(978987724230000007, 28),
(978987724230000007, 29),
(978987724230000007, 30),
(978987724230000007, 31),
(978987724230000007, 32),
(978987724230000007, 33),
(978987724230000007, 34),
(978987724230000007, 35);

-- 
-- Dumping data for table comicespecial
--
INSERT INTO comicespecial VALUES
(9788415990338, 2),
(9788415990338, 3),
(9788416303311, 1),
(9788447129713, 6),
(9788447129720, 6),
(75960605921800121, 1),
(75960606198300111, 1),
(75960606198300211, 1),
(75960606198300311, 1),
(75960606198300411, 1),
(75960606198300511, 1),
(977000532400500026, 1),
(978844712512811085, 8),
(978987724230000007, 7);

-- 
-- Restore previous SQL mode
-- 
/*!40101 SET SQL_MODE=@OLD_SQL_MODE */;

-- 
-- Enable foreign keys
-- 
/*!40014 SET FOREIGN_KEY_CHECKS = @OLD_FOREIGN_KEY_CHECKS */;